Product Code,Line Item,Category,Sub Category,Conversion Factor,Supplier,Cost Type,Purchase Type,Made in,Product Group,Model,Brand,Product Name,Size,Color,Cost Price,Wholesale Price,Retail Price,Profit(%),Difference,Barcode Customer SKU Code 1
FL00000,Car Care,DashBoard Polish Spray,,0,Ahsan Traders,Fixed,,China,,,Flamingo,FLAMINGO DASHBOARD POLISH 450ML,Default,Default,270,297,338,9.09,27,6959375198888
FL00001,Car Care,DashBoard Polish Spray,,0,Ahsan Traders,Fixed,,China,,,Flamingo,FLAMINGO F024E PERFUME DASHBOARD POLISH 220ML,Default,Default,190,209,238,9.09,19,
FL00002,Car Care,Hard Wax,,0,Ahsan Traders,Fixed,,China,,,Flamingo,FLAMINGO F087 PREMIUM HARD WAX 200g,Default,Default,683.75,731.5,855,6.53,47.75,6959375198758
FL00003,Car Care,Polishing Wax,,0,Ahsan Traders,Fixed,,China,,,Flamingo,FLAMINGO F041 CAR POLISHING WAX 230G,Default,Default,430,473,538,9.09,43,
FL00004,Car Care,Body Wax,Spray Body Wax,0,Ahsan Traders,Fixed,,China,,,Flamingo,FLAMINGO SPRAY BODY WAX,Default,Default,300,330,375,9.09,30,
FL00005,Car Care,Hard Wax,,0,Ahsan Traders,Fixed,,China,,,Flamingo,FLAMINGO F042 DIAMOND HARD WAX 230g,Default,Default,560,616,700,9.09,56,
FL00006,Car Care,Rubbing Compound,,0,Ahsan Traders,Fixed,,China,,,Flamingo,FLAMINGO F043 RUBBING COMPOUND 230g,Default,Default,500,550,625,9.09,50,
FL00007,Car Care,Foam Cleaner,,0,Ahsan Traders,Fixed,,China,,,Flamingo,FLAMINGO FOAM CLEANER MULTIPURPOSE F002 - 650ml,Default,Default,310,335.5,388,7.6,25.5,6959375199984
FL00008,Car Care,,,0,Ahsan Traders,Fixed,,China,,,Flamingo,FLAMINGO TIRE FOAM CLEANER BLACK LOOK F003- 650ml,Default,Default,350,374,438,6.42,24,6959375199342
FL00009,Car Care,Injector Cleaner,,0,Ahsan Traders,Fixed,,China,,,Flamingo,FLAMINGO INJECTOR CLEANER 220ML,Default,Default,165,181.5,206,9.09,16.5,
FL00010,Car Care,Injector Cleaner,,0,Ahsan Traders,Fixed,,China,,,Flamingo,FLAMINGO INJECTOR CLEANER 300ML,Default,Default,205,225.5,256,9.09,20.5,
FL00011,Car Care,Injector Cleaner,,0,Ahsan Traders,Fixed,,China,,,Flamingo,FLAMINGO INJECTOR & CHOKE CLEANER F006- 450ML,Default,Default,265,291.5,331,9.09,26.5,6959375199922
FL00012,Car Care,Injector Cleaner,,0,Ahsan Traders,Fixed,,China,,,Flamingo,FLAMINGO INJECTOR CLEANER 550ML,Default,Default,310,341,388,9.09,31,
FL00013,Car Care,DEGREASER,FOAMING ENGINE DEGREASER,0,Ahsan Traders,Fixed,,China,,,Flamingo,FLAMINGO FOAMING ENGINE DEGREASER F008- 650ml,Default,Default,350,374,438,6.42,24,6959375199908
FL00014,Car Care,AIR FRESHENER,,0,Ahsan Traders,Fixed,,China,,,Flamingo,FLAMINGO AIR FRESHENER-MIX SMELL 330ml,Default,Default,300,330,375,9.09,30,
FL00015,Car Care,STICKER REMOVER,,0,Ahsan Traders,Fixed,,China,,,Flamingo,FLAMINGO STICKER REMOVER,Default,Default,385,423.5,481,9.09,38.5,
FL00016,Car Care,Wheel & Rim Cleaner,Tire Gel,0,Ahsan Traders,Fixed,,China,,,Flamingo,FLAMINGO WHEEL & RIM CLEANER,Default,Default,400,440,500,9.09,40,
FL00017,Car Care,Tire Sealant & Inflator,,0,Ahsan Traders,Fixed,,China,,,Flamingo,FLAMINGO TIRE SEALANT & INFLATOR F015- 450ml,Default,Default,380,396,475,4.04,16,6959375199786
FL00018,Car Care,Fire Stop,,0,Ahsan Traders,Fixed,,China,,,Flamingo,FLAMINGO FOAM STOP FIRE,Default,Default,400,440,500,9.09,40,
FL00019,Car Care,PROTECTANT,Shine Protectant,0,Ahsan Traders,Fixed,,China,,,Flamingo,FLAMINGO SHINES & PROTECTS PROTECTANT Spray F027- 290ML,Default,Default,340,357.5,425,4.9,17.5,6959375199601
FL00020,Car Care,PROTECTANT,Shine Protectant,0,Ahsan Traders,Fixed,,China,,,Flamingo,FLAMINGO SHINES & PROTECTS PROTECTANT 119ML,Default,Default,210,231,263,9.09,21,
FL00021,Car Care,PROTECTANT,Gloss Protectant,0,Ahsan Traders,Fixed,,China,,,Flamingo,FLAMINGO GLOSS PROTECTANT 315ML FLAVOUR,Default,Default,380,401.5,475,5.35,21.5,
FL00022,Car Care,LEATHER POLISH,LEATHER SPRAY POLISH,0,Ahsan Traders,Fixed,,China,,,Flamingo,FLAMINGO LEATHER POLISH SPRAY F029V- 500ML,Default,Default,480,511.5,600,6.16,31.5,6959375199588
FL00023,Car Care,Car Shampoo,Wash & Wax,0,Ahsan Traders,Fixed,,China,,,Flamingo,FLAMINGO CAR WASH & WAX SHAMPOO F351- 500ML,Default,Default,328.75,357.5,411,8.04,28.75,6959375195986
FL00024,Car Care,Car Shampoo,Wash & Wax,0,Ahsan Traders,Fixed,,China,,,Flamingo,FLAMINGO CAR WASH & WAX SHAMPOO 1 LTR,Default,Default,510,561,638,9.09,51,
FL00025,Car Care,Car Shampoo,Wash & Wax,0,Ahsan Traders,Fixed,,China,,,Flamingo,FLAMINGO CAR WASH & WAX SHAMPOO 2 LTR,Default,Default,900,990,1125,9.09,90,
FL00026,Car Care,Glass Cleaner,,0,Ahsan Traders,Fixed,,China,,,Flamingo,FLAMINGO GLASS CLEANER 500ML,Default,Default,345,379.5,431,9.09,34.5,
FL00027,Car Care,Windshield Washer,,0,Ahsan Traders,Fixed,,China,,,Flamingo,FLAMINGO WINDSHIELD WASHER BLUE -F352- 500ML,Default,Default,320,341,400,6.16,21,6959375195979
FL00028,Car Care,Engine Coolant,,0,Ahsan Traders,Fixed,,China,,,Flamingo,FLAMINGO LONGLIFE COOLANT-GREEN-RED-BLUE 1 LTR,Default,Default,400,440,500,9.09,40,
FL00029,Car Care,Engine Coolant,,0,Ahsan Traders,Fixed,,China,,,Flamingo,FLAMINGO LONGLIFE COOLANT-GREEN-RED-BLUE 2 LTR,Default,Default,685,753.5,856,9.09,68.5,
FL00030,Car Care,Engine Coolant,,0,Ahsan Traders,Fixed,,China,,,Flamingo,FLAMINGO LONGLIFE COOLANT-GREEN-RED-BLUE 5 LTR,Default,Default,1525,1677.5,1906,9.09,152.5,
FL00031,Car Care,Wheel & Rim Cleaner,,0,Ahsan Traders,Fixed,,China,,,Flamingo,FLAMINGO TIRE GEL,Default,Default,460,506,575,9.09,46,
FL00032,Car Care,ADDITIVES,RADIATOR FLUSH,0,Ahsan Traders,Fixed,,China,,,Flamingo,FLAMINGO RADIATOR FLUSH F037- 354ML,Default,Default,280,350,350,20,70,6959375199472
FL00033,Car Care,ADDITIVES,FUEL INJECTOR TREATMENT,0,Ahsan Traders,Fixed,,China,,,Flamingo,FLAMINGO FUEL INJECTOR CLEANER TREATMENT -F053- 354ML,Default,Default,309,335.5,386,7.9,26.5,6959375199304
FL00034,Car Care,ADDITIVES,DIESEL FUEL,0,Ahsan Traders,Fixed,,China,,,Flamingo,FLAMINGO DIESEL FUEL SYSTEM DREDGE-Diesel Injector Cleaner -F054- 354ML,Default,Default,310,335.5,388,7.6,25.5,6959375199298
FL00035,Car Care,ADDITIVES,OCTANE BOOSTER,0,Ahsan Traders,Fixed,,China,,,Flamingo,FLAMINGO OCTANE BOOSTER 355ML,Default,Default,315,346.5,394,9.09,31.5,6959375199281
FL00036,Car Care,ADDITIVES,COMPLETE FUEL TREATMENT,0,Ahsan Traders,Fixed,,China,,,Flamingo,FLAMINGO COMPLETE FUEL SYSTEM 473ML,Default,Default,630,693,788,9.09,63,
FL00037,Car Care,ADDITIVES,STEERING FLUID,0,Ahsan Traders,Fixed,,China,,,Flamingo,FLAMINGO POWER STEERING FLUID 473ML,Default,Default,575,632.5,719,9.09,57.5,
FL00038,Car Care,ADDITIVES,STEERING FLUID,0,Ahsan Traders,Fixed,,China,,,Flamingo,FLAMINGO POWER STEERING FLUID 946ML,Default,Default,975,1072.5,1219,9.09,97.5,
FL00039,Car Care,ADDITIVES,MOTOR FLUSH,0,Ahsan Traders,Fixed,,China,,,Flamingo,FLAMINGO 5-MIN MOTOR FLUSH ENGINE CLEANER F048- 443ML,Default,Default,355,390.5,444,9.09,35.5,6959375199366
FL00040,Car Care,ADDITIVES,OIL TREATMENT,0,Ahsan Traders,Fixed,,China,,,Flamingo,FLAMINGO SUPER OIL TREATMENT,Default,Default,470,517,588,9.09,47,
FL00041,Car Care,SPRAY PAINT,,0,Ahsan Traders,Fixed,,China,,,Flamingo,FLAMINGO SPRAY PAINT,Default,Default,325,357.5,406,9.09,32.5,
FL00042,Car Care,ADDITIVES,,0,Ahsan Traders,Fixed,,China,,,Flamingo,FLAMINGO STARTING FLUID,Default,Default,375,412.5,469,9.09,37.5,
FL00043,Car Care,ADDITIVES,,0,Ahsan Traders,Fixed,,China,,,Flamingo,FLAMINGO BRAKE CLEANER,Default,Default,375,412.5,469,9.09,37.5,
FL00044,Car Care,Cleaner,AC CLEANER,0,Ahsan Traders,Fixed,,China,,,Flamingo,FLAMINGO AC PRO CLEANER F020- 500ml,Default,Default,450,495,563,9.09,45,6959375199724
FL00045,Car Care,SCRATCH REMOVER,,0,Ahsan Traders,Fixed,,China,,,Flamingo,FLAMINGO SCRATCH REMOVER,Default,Default,600,750,750,20,150,
FL00046,Car Care,SCRATCH REMOVER,HEADLIGHT RESTRORER,0,Ahsan Traders,Fixed,,China,,,Flamingo,FLAMINGO HEADLIGHT RESTRORER ONE-STEP -F097- 300ML,Default,Default,530,583,663,9.09,53,6959375198550
FL00047,Car Care,WAX & POLISH,CARNAUBA WAX,0,Ahsan Traders,Fixed,,China,,,Flamingo,FLAMINGO CARNAUBA WAX 300ML,Default,Default,650,750,813,13.33,100,
FL00048,Car Care,WAX & POLISH,CRYSTAL COATING,0,Ahsan Traders,Fixed,,China,,,Flamingo,FLAMINGO CRYSTAL COATING,Default,Default,735,808.5,919,9.09,73.5,
FL00049,Car Care,WAX & POLISH,METAL POLISH,0,Ahsan Traders,Fixed,,China,,,Flamingo,FLAMINGO METAL POLISH 300ML,Default,Default,525,577.5,656,9.09,52.5,
FL00050,Car Care,Interior Polish,Plastic Restorer,0,Ahsan Traders,Fixed,,China,,,Flamingo,FLAMINGO PLASTIC RESTRORER -F135- 300ML,Default,Default,600,660,750,9.09,60,6959375197768
FL00051,Car Care,LEATHER POLISH,LEATHER COATING,0,Ahsan Traders,Fixed,,China,,,Flamingo,FLAMINGO LEATHER COATING 300ML,Default,Default,585,643.5,731,9.09,58.5,
FL00052,Car Care,DASHBOARD TREATMENT,DASHBOARD COATING,0,Ahsan Traders,Fixed,,China,,,Flamingo,FLAMINGO DASHBOARD COATING 300ML,Default,Default,585,643.5,731,9.09,58.5,
FL00053,Car Care,DASHBOARD TREATMENT,POLYMERIC COATING,0,Ahsan Traders,Fixed,,China,,,Flamingo,FLAMINGO POLYMERIC COATING 300ML,Default,Default,585,643.5,731,9.09,58.5,
FL00054,Car Care,DASHBOARD TREATMENT,NANO CERAMIC COATING,0,Ahsan Traders,Fixed,,China,,,Flamingo,FLAMINGO NANO CERAMIC COATING,Default,Default,4500,4950,5625,9.09,450,
FL00055,Car Care,MICROFIBER CLOTH,MICROFIBER CLOTH SET,0,Ahsan Traders,Fixed,,China,,,Flamingo,FLAMINGO MICROFIBER CLOTH SET,Default,Default,425,467.5,531,9.09,42.5,
FL00056,Car Care,PERFUMES,CARD PERFUME,0,Ahsan Traders,Fixed,,China,,,Flamingo,FLAMINGO CARD PERFUME,Default,Default,90,99,113,9.09,9,
FL00057,Car Care,ADDITIVES,DE-RUST,0,Ahsan Traders,Fixed,,China,,,Flamingo,FLAMINGO WO-400 DE-RUST LUBRICANT 100ML,Default,Default,150,165,188,9.09,15,
FL00058,Car Care,ADDITIVES,DE-RUST,0,Ahsan Traders,Fixed,,China,,,Flamingo,FLAMINGO WO-400 DE-RUST LUBRICANT 220ML,Default,Default,195,214.5,244,9.09,19.5,
FL00059,Car Care,ADDITIVES,DE-RUST,0,Ahsan Traders,Fixed,,China,,,Flamingo,FLAMINGO F007 WO-400 DE-RUST LUBRICANT 450ML,Default,Default,295,324.5,369,9.09,29.5,
FL00060,Car Care,ADDITIVES,ANTIFREEZE,0,Ahsan Traders,Fixed,,China,,,Flamingo,FLAMINGO ANTIFREEZE 2 LTR RED-GREEN-BLUE,Default,Default,920,1012,1150,9.09,92,
FL00061,Car Care,WAX & POLISH,DETAILER,0,Ahsan Traders,Fixed,,China,,,Flamingo,FLAMINGO 3 IN 1 DETAILER 500ML,Default,Default,650,715,813,9.09,65,
FL00062,Car Care,WAX & POLISH,Wash & Wax DRY Spray,0,Ahsan Traders,Fixed,,China,,,Flamingo,FLAMINGO WAX & DRY SPRAY WAX 500ML,Default,Default,650,715,813,9.09,65,
FL00063,Car Care,Cleaner,CONTACT CLEANER,0,Ahsan Traders,Fixed,,China,,,Flamingo,FLAMINGO CONTACT CLEANER 450ML,Default,Default,375,412.5,469,9.09,37.5,
FL00064,Car Care,WAX & POLISH,CERAMIC POLISH,0,Ahsan Traders,Fixed,,China,,,Flamingo,FLAMINGO CERAMIC POLISH 410ML,Default,Default,650,715,813,9.09,65,
FL00065,Car Care,PAINT TREATMENT,UNDERCOAT,0,Ahsan Traders,Fixed,,China,,,Flamingo,FLAMINGO UNDERCOAT 500ML,Default,Default,450,495,563,9.09,45,
FL00066,Car Care,ADDITIVES,CATALYTIC CLEANER,0,Ahsan Traders,Fixed,,China,,,Flamingo,FLAMINGO CATALYTIC CLEANER 300ML,Default,Default,540,577.5,675,6.49,37.5,
FL00067,Car Care,PAINT TREATMENT,COLOR MIRACLE,0,Ahsan Traders,Fixed,,China,,,Flamingo,FLAMINGO COLOR MIRACLE 410ML,Default,Default,650,715,813,9.09,65,
FL00068,Car Care,WAX & POLISH,CERAMIC COATING,0,Ahsan Traders,Fixed,,China,,,Flamingo,FLAMINGO CERAMIC COATING WAX 300GM,Default,Default,1400,1540,1750,9.09,140,
F100000,Car Care,WAX & POLISH,CARNAUBA WAX,12,Ahsan Traders,Fixed,,U.S.A,,,Formula1,Formula1 Soft Carnauba Polish Wax 230g - U.S.A,Default,Default,1145,1261.33,1431,9.22,116.33,
F100001,Car Care,WAX & POLISH,,12,Ahsan Traders,Fixed,,U.S.A,,,Formula1,Formula1 Soft Carnauba Polish Wax 340g - U.S.A,Default,Default,1626.9,1757.052,2034,7.41,130.152,
F100002,Car Care,WAX & POLISH,,12,Ahsan Traders,Fixed,,U.S.A,,,Formula1,Formula1 Liquid Carnauba Polish Liquid Wax - U.S.A,Default,Default,1165,1261.33,1456,7.64,96.33,
F100003,Car Care,COLOR WAX & POLISHE,METTALIC COLOR WAX,12,Ahsan Traders,Fixed,,U.S.A,,,Formula1,Formula1 Metallic color wax Mettalic WaX - U.S.A,Default,Default,1422.9,1536.732,1779,7.41,113.832,
F100004,Car Care,DRY CLEANER,,12,Ahsan Traders,Fixed,,U.S.A,,,Formula1,Formula1 Upholstery / Fabric Cleaner Dry Clean - U.S.A,Default,Default,1218.9,1316.412,1524,7.41,97.512,
F100005,Car Care,Wheel & Rim Cleaner,,12,Ahsan Traders,Fixed,,U.S.A,,,Formula1,Formula1 Wheel Rim Cleaner Wheel Tyre Cleaner - U.S.A,Default,Default,1422.9,1536.732,1779,7.41,113.832,
F100006,Car Care,LEATHER POLISH,,12,Ahsan Traders,Fixed,,U.S.A,,,Formula1,Formula1 Leather Cleaner Mr. Leather Trigger - U.S.A,Default,Default,1371.9,1481.652,1715,7.41,109.752,
F100007,Car Care,Rubbing Compound,,12,Ahsan Traders,Fixed,,U.S.A,,,Formula1,Formula1 Scratch Out LIQUID - Rubbing Compound 207ml- U.S.A,Default,Default,1014.9,1096.092,1269,7.41,81.192,71099150112
F100008,Car Care,Rubbing Compound,,12,Ahsan Traders,Fixed,,U.S.A,,,Formula1,Formula1 Rubbing Compound Paste Scratch Out Paste - U.S.A,Default,Default,1167.9,1261.332,1460,7.41,93.432,
F100009,Car Care,DashBoard Polish,,12,Ahsan Traders,Fixed,,U.S.A,,,Formula1,Formula1 Dash Board Wax 16 oz Protectant Trigger - U.S.A,Default,Default,1269.9,1371.492,1587,7.41,101.592,
F100010,Car Care,DashBoard Polish,,12,Ahsan Traders,Fixed,,U.S.A,,,Formula1,Formula1 Dash Board Wax New Car - U.S.A,Default,Default,920,985.93,1150,6.69,65.93,
F100011,Car Care,DashBoard Polish,,12,Ahsan Traders,Fixed,,U.S.A,,,Formula1,Formula1 Dash Board Wax Citrus - U.S.A,Default,Default,920,985.93,1150,6.69,65.93,
F100012,Car Care,DashBoard Polish,,12,Ahsan Traders,Fixed,,U.S.A,,,Formula1,Formula1 Dash Board Wax Vanilla - U.S.A,Default,Default,920,985.93,1150,6.69,65.93,
F100013,Car Care,DashBoard Polish,,12,Ahsan Traders,Fixed,,U.S.A,,,Formula1,Formula1 Dash Board Wax Strawberry - U.S.A,Default,Default,920,985.93,1150,6.69,65.93,
F100014,Car Care,DashBoard Polish,,12,Ahsan Traders,Fixed,,U.S.A,,,Formula1,Formula1 Dash Board Wax Cherry - U.S.A,Default,Default,920,985.93,1150,6.69,65.93,
F100015,Car Care,Car Shampoo,,12,Ahsan Traders,Fixed,,U.S.A,,,Formula1,Formula1 Car Shampoo with Wax Wash & Wax 16 - U.S.A,Default,Default,759.9,820.692,950,7.41,60.792,
F100016,Car Care,Car Shampoo,,12,Ahsan Traders,Fixed,,U.S.A,,,Formula1,Formula1 Car Shampoo with Wax Wash & Wax 32 - U.S.A,Default,Default,1320.9,1426.572,1651,7.41,105.672,
F100017,Car Care,Car Shampoo,,6,Ahsan Traders,Fixed,,U.S.A,,,Formula1,Formula1 Car Shampoo with Wax Wash & Wax 64 - U.S.A,Default,Default,1983.9,2142.612,2480,7.41,158.712,
F100018,Car Care,WAX & POLISH,BLACK  COLOR WAX,24,Ahsan Traders,Fixed,,U.S.A,,,Formula1,Formula1 Color Wax Black - U.S.A,Default,Default,1420,1536.73,1775,7.6,116.73,
F100019,Car Care,Body Polish,SILVER  COLOR WAX,12,Ahsan Traders,Fixed,,U.S.A,,,Formula1,Formula1 Color Wax Silver - U.S.A,Default,Default,1420,1536.73,1775,7.6,116.73,
F100020,Car Care,Body Polish,WHITE  COLOR WAX,12,Ahsan Traders,Fixed,,U.S.A,,,Formula1,Formula1 Color Wax White - U.S.A,Default,Default,1420,1536.73,1775,7.6,116.73,
F100021,Car Care,Body Polish,RED  COLOR WAX,12,Ahsan Traders,Fixed,,U.S.A,,,Formula1,Formula1 Color Wax Red - U.S.A,Default,Default,1420,1536.73,1775,7.6,116.73,
EWDC000,Electric Wire DC,Single DC Wire (Coper),,0,,Fixed,,,,,ASP,12 Wires DC ASP 33GUZ,Default,Default,990,1090,1238,9.17,100,
EWDC001,Electric Wire DC,Single DC Wire (Coper),,0,,Fixed,,,,,ASP,18 Wires DC ASP 33GUZ,Default,Default,1490,1640,1863,9.15,150,
EWDC002,Electric Wire DC,Single DC Wire (Coper),,0,,Fixed,,,,,ASP,28 Wires DC ASP 33GUZ,Default,Default,2130,2343,2663,9.09,213,
EWDC003,Electric Wire DC,Single DC Wire (Coper),,0,,Fixed,,,,,ASP,42 Wires DC ASP 33GUZ,Default,Default,3300,2630,4125,-25.48,-670,
EWDC004,Electric Wire DC,Single DC Wire (Coper),,0,,Fixed,,,,,ASP,55 Wires DC ASP 33GUZ,Default,Default,4700,5170,5875,9.09,470,
EWDC005,Electric Wire DC,Single DC Wire (Coper),,0,,Fixed,,,,,ASP,70 Wires DC ASP 33GUZ,Default,Default,5500,6050,6875,9.09,550,
EWDC006,Electric Wire DC,Single DC Wire (Coper),,0,,Fixed,,,,,MST,12 Wires DC MST 33GUZ,Default,Default,660,726,825,9.09,66,
EWDC007,Electric Wire DC,Single DC Wire (Coper),,0,,Fixed,,,,,MST,18 Wires DC MST 33GUZ,Default,Default,1040,1145,1300,9.17,105,
EWDC008,Electric Wire DC,Single DC Wire (Coper),,0,,Fixed,,,,,MST,28 Wires DC MST 33GUZ,Default,Default,1540,1695,1925,9.14,155,
EWDC009,Electric Wire DC,Single DC Wire (Coper),,0,,Fixed,,,,,MST,42 Wires DC MST 33GUZ,Default,Default,2200,2420,2750,9.09,220,
EWDC010,Electric Wire DC,Single DC Wire (Coper),,0,,Fixed,,,,,MST,55 Wires DC MST 33GUZ,Default,Default,3000,3300,3750,9.09,300,
EWDC011,Electric Wire DC,Single DC Wire (Coper),,0,,Fixed,,,,,MST,70 Wires DC MST 33GUZ,Default,Default,3650,4015,4563,9.09,365,
EWDC012,Electric Wire DC,Single DC Wire (Coper),,0,,Fixed,,,,,FRC GOLD,12 Wires DC FRC GOLD 33GUZ,Default,Default,1300,1430,1625,9.09,130,
EWDC013,Electric Wire DC,Single DC Wire (Coper),,0,,Fixed,,,,,FRC GOLD,18 Wires DC FRC GOLD 33GUZ,Default,Default,1930,2123,2413,9.09,193,
EWDC014,Electric Wire DC,Single DC Wire (Coper),,0,,Fixed,,,,,FRC GOLD,28 Wires DC FRC GOLD 33GUZ,Default,Default,3130,3443,3913,9.09,313,
EWDC015,Electric Wire DC,Single DC Wire (Coper),,0,,Fixed,,,,,FRC GOLD,42 Wires DC FRC GOLD 33GUZ,Default,Default,4350,4785,5438,9.09,435,
EWDC016,Electric Wire DC,Single DC Wire (Coper),,0,,Fixed,,,,,FRC GOLD,55 Wires DC FRC GOLD 33GUZ,Default,Default,6150,6765,7688,9.09,615,
EWDC017,Electric Wire DC,Single DC Wire (Coper),,0,,Fixed,,,,,FRC GOLD,70 Wires DC FRC GOLD 33GUZ,Default,Default,7500,8250,9375,9.09,750,
EWDC018,Electric Wire DC,Battery Wire,,0,,Fixed,,,,,ASP,Battery Wire 133 ASP (25Feet),Default,Default,8000,8800,10000,9.09,800,
EWDC019,Electric Wire DC,Battery Wire,,0,,Fixed,,,,,ASP,Battery Wire 156 (25Feet),Default,Default,9000,9900,11250,9.09,900,
EWDC020,Electric Wire DC,Battery Wire,,0,,Fixed,,,,,ASP,Battery Wire 190 (25Feet),Default,Default,10600,11660,13250,9.09,1060,
EWDC021,Electric Wire DC,Battery Wire,,0,,Fixed,,,,,ASP,Battery Wire 19x70 (25Feet),Default,Default,12800,14080,16000,9.09,1280,
EWDC022,Electric Wire DC,Battery Wire,,0,,Fixed,,,,,ASP,SUZUKI Battery Wire SP (25Feet),Default,Default,2750,3025,3438,9.09,275,
EWDC023,Electric Wire DC,Battery Wire,,0,,Fixed,,,,,ASP,SUZUKI Battery Wire SP (100Feet),Default,Default,11000,12100,13750,9.09,1100,
EWDC024,Electric Wire DC,Battery Wire,,0,,Fixed,,,,,ASP,TOYOTA Battery Wire ASP (25Feet),Default,Default,5500,6050,6875,9.09,550,
EWDC025,Electric Wire DC,Battery Wire,,0,,Fixed,,,,,ASP,Battery Wire 91x36 (25Feet),Default,Default,17000,18700,21250,9.09,1700,
EWDC026,Electric Wire DC,Speaker Wire,,0,,Fixed,,,,,ASP,Speaker Wire (CHINA COPER) 100GUZ,Default,Default,1400,1540,1750,9.09,140,
EWDC027,Electric Wire DC,Speaker Wire,,0,,Fixed,,,,,ASP,Speaker Wire (Crystal Roll) 100GUZ,Default,Default,2000,2200,2500,9.09,200,
EWDC028,Electric Wire DC,Speaker Wire,,0,,Fixed,,,,,MST,Speaker Wire MST 100GUZ,Default,Default,2000,2200,2500,9.09,200,
EWDC029,Electric Wire DC,Speaker Wire,,0,,Fixed,,,,,ASP,Speaker Wire ASP 100GUZ,Default,Default,2400,2640,3000,9.09,240,
EWDC030,Electric Wire DC,Speaker Wire,,0,,Fixed,,,,,AA,Speaker Wire AA 100GUZ,Default,Default,3300,3630,4125,9.09,330,
EWDC031,Electric Wire DC,Speaker Wire,,0,,Fixed,,,,,FRC,Speaker Wire FRC 100GUZ,Default,Default,4300,4730,5375,9.09,430,
EWDC032,Electric Wire DC,Double Wire DC,,0,,Fixed,,,,,ASP,28 Wires Double ASP 33GUZ,Default,Default,5200,5720,6500,9.09,520,
EWDC033,Electric Wire DC,Double Wire DC,,0,,Fixed,,,,,ASP,42 Wires Double ASP 33GUZ,Default,Default,7200,7920,9000,9.09,720,
EWDC034,Electric Wire DC,Double Wire DC,,0,,Fixed,,,,,ASP,70 Wires Double ASP 33GUZ,Default,Default,12000,13200,15000,9.09,1200,
EWDC035,Electric Wire DC,Double Wire DC,,0,,Fixed,,,,,ASP,3M SPECIAL Wire Double ASP 100GUZ,Default,Default,1300,1430,1625,9.09,130,
EWDC036,Electric Wire DC,Double Wire DC,,0,,Fixed,,,,,ASP,20M Wire Double ASP 33GUZ,Default,Default,6200,6820,7750,9.09,620,
IGC00001,IGNITION,Cars,Spark Plugs,0,,Fixed,,Japan,,,NGK,Spark Plug KR6A-10,Default,Default,285,350,356,18.57,65,87295116784
IGC00002,IGNITION,Cars,Spark Plugs,0,,Fixed,,,,,DENSO,Denso Spark Plug IXUH22I,Default,Default,980,1200,1225,18.33,220,42511535640
IGC00003,IGNITION,Cars,Spark Plugs,0,,Fixed,,,,,DENSO,Spark Plug SC20HR11 / CAR,Default,Default,650,1050,813,38.1,400,42511034440
IGC00004,IGNITION,Cars,Spark Plugs,0,,Fixed,,,,,DENSO,Spark Plug W20EX-U / CAR,Default,Default,95,110,119,13.64,15,42511032040
IGC00005,IGNITION,Cars,Spark Plugs,0,,Fixed,,,,,DENSO,Spark Plug W16EX-U / CAR,Default,Default,95,110,119,13.64,15,42511032033
IGC00006,IGNITION,Cars,Spark Plugs,0,,Fixed,,,,,DENSO,Spark Plug SK20R11 / CAR,Default,Default,650,1050,813,38.1,400,42511032972
IGC00007,IGNITION,Cars,Spark Plugs,0,,Fixed,,Japan,,,DENSO,Spark Plug SK20HR11 / CAR,Default,Default,650,1050,813,38.1,400,42511034211
IGC00008,IGNITION,Cars,Spark Plugs,0,,Fixed,,Japan,,,DENSO,Spark Plug K16R-U11 Japan / CAR,Default,Default,138,150,173,8,12,42511031203
IGC00009,IGNITION,Cars,Spark Plugs,0,,Fixed,,Indonesia,,,DENSO,Spark Plug K16R-U11 Indonesia / CAR,Default,Default,128,140,160,8.57,12,
IGC00010,IGNITION,Cars,Spark Plugs,0,,Fixed,,Japan,,,DENSO,Spark Plug W22FP-U / CAR,Default,Default,105,120,131,12.5,15,42511040212
IGC00011,IGNITION,Cars,Spark Plugs,0,,Fixed,,Japan,,,NGK,Spark Plug ILKAR7B11 / CAR,Default,Default,900,1200,1125,25,300,87295149126
IGC00012,IGNITION,Cars,Spark Plugs,0,,Fixed,,Japan,,,NGK,Spark Plug ILMAR7A8 / CAR,Default,Default,900,1200,1125,25,300,87295905074
IGC00013,IGNITION,Cars,Spark Plugs,0,,Fixed,,Japan,,,NGK,Spark Plug BKR6E-11 / CAR,Default,Default,132,145,165,8.97,13,87295127568
IGC00014,IGNITION,Cars,Spark Plugs,0,,Fixed,,Japan,,,NGK,Spark Plug BPR5ES / CAR,Default,Default,200,360,250,44.44,160,87295140062
IGC00015,IGNITION,Cars,Spark Plugs,0,,Fixed,,Japan,,,NGK,Spark Plug BKR6EY-11 / CAR,Default,Default,138,145,173,4.83,7,87295143681
IGC00016,IGNITION,Cars,Spark Plugs,0,,Fixed,,Japan,,,NGK,Spark Plug BE529Y-11 / CAR,Default,Default,150,350,188,57.14,200,87295159293
IGC00017,IGNITION,Cars,Spark Plugs,0,,Fixed,,Japan,,,NGK,Spark Plug BPR6EGP / CAR,Default,Default,260,350,325,25.71,90,87295170847
IGC00018,IGNITION,Cars,Spark Plugs,0,,Fixed,,Japan,,,NGK,Spark Plug BP5EY / CAR,Default,Default,105,110,131,4.55,5,87295140499
IGC00019,IGNITION,Cars,Spark Plugs,0,,Fixed,,Japan,,,NGK,Spark Plug LFR6C-11 / CAR,Default,Default,210,260,263,19.23,50,87295918234
IGC00020,IGNITION,Cars,Spark Plugs,0,,Fixed,,Japan,,,NGK,Spark Plug DCP7E / CAR,Default,Default,225,350,281,35.71,125,87295123638
IGC00021,IGNITION,Cars,Spark Plugs,0,,Fixed,,Japan,,,NGK,Spark Plug SILZKR7B11 / CAR,Default,Default,900,1100,1125,18.18,200,87295977897
IGC00022,IGNITION,Cars,Spark Plugs,0,,Fixed,,Japan,,,NGK,Spark Plug ILFR6T11 / CAR,Default,Default,600,1200,750,50,600,87295928158
IGC00023,IGNITION,Cars,Spark Plugs,0,,Fixed,,Japan,,,NGK,Spark Plug BKR6EGP / CAR,Default,Default,260,350,325,25.71,90,87295170922
IGC00024,IGNITION,Cars,Spark Plugs,0,,Fixed,,Japan,,,NGK,Spark Plug BP6EY / CAR,Default,Default,105,110,131,4.55,5,87295162781
IGC00025,IGNITION,Cars,Spark Plugs,0,,Fixed,,Japan,,,NGK,Spark Plug KR7AI / CAR,Default,Default,610,850,763,28.24,240,87295177891
IGC00026,IGNITION,Cars,Spark Plugs,0,,Fixed,,Japan,,,NGK,Spark Plug BKR6EIX-11 / CAR,Default,Default,600,900,750,33.33,300,87295137642
IGC00027,IGNITION,Cars,Spark Plugs,0,,Fixed,,Japan,,,NGK,Spark Plug IZFR6K11 / CAR,Default,Default,800,1000,1000,20,200,87295169940
IGC00028,IGNITION,Cars,Spark Plugs,0,,Fixed,,Japan,,,NGK,Spark Plug DCPR7E / CAR,Default,Default,280,350,350,20,70,87295139325
IGC00029,IGNITION,Cars,Spark Plugs,0,,Fixed,,Japan,,,NGK,Spark Plug BPR6EY-11 / CAR,Default,Default,145,160,181,9.38,15,87295142288
IGC00030,IGNITION,Cars,Spark Plugs,0,,Fixed,,Japan,,,NGK,Spark Plug LFR6AIX / CAR,Default,Default,700,850,875,17.65,150,87295166192
IGC00031,IGNITION,Cars,Spark Plugs,0,,Fixed,,Japan,,,NGK,Spark Plug BKR6EYA-11 / CAR,Default,Default,145,175,181,17.14,30,87295141953
IGC00032,IGNITION,Cars,Spark Plugs,0,,Fixed,,Japan,,,NGK,Spark Plug BKR6EKB-11 / CAR,Default,Default,170,250,213,32,80,87295141984
IGC00033,IGNITION,Cars,Spark Plugs,0,,Fixed,,Japan,,,NGK,Spark Plug IKR6G,Default,Default,900,1000,1125,10,100,
IGC00034,IGNITION,Cars,Spark Plugs,0,,Fixed,,Japan,,,NGK,Spark Plug SILZKR7C / CAR,Default,Default,900,1000,1125,10,100,
IGC00035,IGNITION,Cars,Spark Plugs,0,,Fixed,,Japan,,,NGK,Spark Plug IFR6T / CAR,Default,Default,550,700,688,21.43,150,
IGC00036,IGNITION,Cars,Spark Plugs,0,,Fixed,,Japan,,,NGK,Spark Plug BKR5EYA / CAR,Default,Default,130,150,163,13.33,20,
IGC00037,IGNITION,Cars,Spark Plugs,0,,Fixed,,Japan,,,NGK,Spark Plug BPR6ES / CAR,Default,Default,175,190,219,7.89,15,
IGC00038,IGNITION,Cars,Spark Plugs,0,Anas Autos,Fixed,,Japan,,,NGK,Denso Spark Plug K16TT / Car,Default,Default,220,300,275,26.67,80,42511460348
IGC00039,IGNITION,Cars,Spark Plugs,0,Anas Autos,Fixed,,Japan,,,NGK,Denso Spark Plug IKH20TT / Car,Default,Default,1150,1250,1438,8,100,42511470446
IGC00040,IGNITION,Cars,Spark Plugs,0,,Fixed,,Japan,,,DENSO,Spark Plug K20HR-U / CAR Faw,Default,Default,0,240,0,100,240,
IGM00002,IGNITION,Motor Cycle,Spark Plugs,0,Honda Atlas,Fixed,,Japan,Platinum Spark Plug,CD70,Atlas NGK,Platinum Spark Plug-CR7HGP-CD-70,Default,Default,200,250,250,20,50,87295135952
IGM00003,IGNITION,Motor Cycle,Spark Plugs,0,,Fixed,,,,,DENSO,Spark Plug U20FS-U / GD110,Default,Default,95,125,119,24,30,
IGM00004,IGNITION,Motor Cycle,Spark Plugs,0,,Fixed,,,,,DENSO,Spark Plug U24ESR-N / SG150,Default,Default,169,230,211,26.52,61,
IGM00005,IGNITION,Motor Cycle,Spark Plugs,0,,Fixed,,Japan,,CG125,DENSO,Spark Plug X24EP-U9 / CG125,Default,Default,95,110,119,13.64,15,
IGM00006,IGNITION,Motor Cycle,Spark Plugs,0,,Fixed,,,,CD70,DENSO,Spark Plug U22FS-U / CD70,Default,Default,95,110,119,13.64,15,
IGM00007,IGNITION,Motor Cycle,Spark Plugs,0,,Fixed,,,,CD70,NGK,NGK Spark Plug C7HSA / CD70,Default,Default,129,150,161,14,21,87295146293
IGM00008,IGNITION,Motor Cycle,Spark Plugs,0,,Fixed,,,,CG125,NGK,Spark Plug DP8EA-9 / CG125,Default,Default,132,185,165,28.65,53,87295158296
IGM00009,IGNITION,Motor Cycle,Spark Plugs,0,,Fixed,,,,,NGK,Spark Plug CR8EGP / SG150,Default,Default,285,350,356,18.57,65,87295135969
IGM00010,IGNITION,Motor Cycle,Spark Plugs,0,,Fixed,,Japan,,,NGK,Spark Plug BP6HS / M.Cycle,Default,Default,129,135,161,4.44,6,87295145111
IGM00011,IGNITION,Motor Cycle,Spark Plugs,0,,Fixed,,Japan,,,NGK,Spark Plug BP7HS / M.Cycle,Default,Default,129,135,161,4.44,6,87295151112
IGM00012,IGNITION,Motor Cycle,Spark Plugs,0,,Fixed,,Japan,,,NGK,Spark Plug DPR8EGP-9 / M.Cycle,Default,Default,210,250,263,16,40,87295135983
FL00069,Car Care,Body Polish,,0,Ahsan Traders,Fixed,,China,,,Flamingo,FLAMINGO F087 PLATINUM HARD WAX 200g,Default,Default,652.5,950,816,31.32,297.5,6959375192909
CS00001,Car Care,Combo Set,,0,,Fixed,,,,,,Car Care Combo Set 6in1,Default,Default,2095,3000,2619,30.17,905,
AIR0002,Perfumes / Fragrances,Liquid Air Freshener,DashBoard Air Freshener,0,Ahsan Traders,Fixed,,,,,,Solar-Powered Fighter Airplane Car Air Freshener - with Essential Oil Scent,Default,Default,1000,1250,1250,20,250,
AIR0003,Perfumes / Fragrances,Liquid Air Freshener,DashBoard Air Freshener,0,Ahsan Traders,Fixed,,,,,,Eco-Friendly Solar-Powered Fighter Airplane Car Air Freshener with Essential Oil,Default,Default,1000,1250,1250,20,250,
AITE001,Perfumes / Fragrances,Liquid Air Freshener,DashBoard Air Freshener,0,Ahsan Traders,Fixed,,,,,,AITELI CAR AIR FRESHENER -GOLDEN TRIANGLE,Default,Default,550,688,688,20.06,138,
ALAR001,Perfumes / Fragrances,SPRAY AIR FRESHENER,,0,Ahsan Traders,Fixed,,UAE,,,AL ARABIA,Al Arabia SULTANAT - Dry Air Freshener 300ml - 1PCS,Default,Default,290,363,363,20.11,73,3571700296422
ALAR002,Perfumes / Fragrances,SPRAY AIR FRESHENER,,0,Ahsan Traders,Fixed,,,,,,Al Arabia Dry Air Freshener 300ml - 5 pcs pack,Default,Default,1450,1813,1813,20.02,363,
Areo001,Perfumes / Fragrances,Gel Air Freshener,,0,Ahsan Traders,Fixed,,,,,,Areon Gel - Black Crystal & passion Pack of 2,Default,Default,1500,1875,1875,20,375,3800034953979
Areo002,Perfumes / Fragrances,Gel Air Freshener,,0,Ahsan Traders,Fixed,,,,,,Areon Gel - DREAM - Gel Perfume,Default,Default,750,938,938,20.04,188,
Areo003,Perfumes / Fragrances,Gel Air Freshener,,0,Ahsan Traders,Fixed,,,,,,Areon Gel Air Freshner For Car - WISH,Default,Default,750,938,938,20.04,188,
Areo004,Perfumes / Fragrances,Gel Air Freshener,,0,Ahsan Traders,Fixed,,,,,,Areon Quality perfume Gel Passion Made in Bulgaria,Default,Default,750,938,938,20.04,188,
Areo005,Perfumes / Fragrances,Gel Air Freshener,,0,Ahsan Traders,Fixed,,,,,,Areon Gel - black crystal - Gel Perfume,Default,Default,750,938,938,20.04,188,
BULL001,Perfumes / Fragrances,Liquid Air Freshener,DashBoard Air Freshener,0,Ahsan Traders,Fixed,,,,,,BULLSONE GRASSE L'ESTEREL - AQUA WAVE CAR PERFUME,Default,Default,0,0,0,0,0,
BULL002,Perfumes / Fragrances,Liquid Air Freshener,DashBoard Air Freshener,0,Ahsan Traders,Fixed,,,,,,BULLSONE GRASSE -Apple Mango -100ml,Default,Default,0,0,0,0,0,
BULL003,Perfumes / Fragrances,Liquid Air Freshener,DashBoard Air Freshener,0,Ahsan Traders,Fixed,,,,,,BULLSONE Car Air Freshener - BULGARIAN ROSE- 110mL,Default,Default,0,0,0,0,0,
JGEL001,Perfumes / Fragrances,Gel Air Freshener,,0,Ahsan Traders,Fixed,,,,,,Jello-Gel Air Freshener in Peach 200g,Default,Default,320,400,400,20,80,6943182869628
JGEL002,Perfumes / Fragrances,Gel Air Freshener,,0,Ahsan Traders,Fixed,,,,,,Jello Gel Air Freshener Black Ice 200gm,Default,Default,320,400,400,20,80,
JGEL003,Perfumes / Fragrances,Gel Air Freshener,,0,Ahsan Traders,Fixed,,,,,,Jello - Gel Air Freshener - Coconut - 200g,Default,Default,320,400,400,20,80,6943182868263
JGEL004,Perfumes / Fragrances,Gel Air Freshener,,0,Ahsan Traders,Fixed,,,,,,Jello - Gel Air Freshener - STRAWBERRY - 200g,Default,Default,320,400,400,20,80,
JGEL005,Perfumes / Fragrances,Gel Air Freshener,,0,Ahsan Traders,Fixed,,,,,,Jello - Gel Air Freshener - LAVENDER 220g,Default,Default,320,400,400,20,80,
JGEL006,Perfumes / Fragrances,Gel Air Freshener,,0,Ahsan Traders,Fixed,,,,,,Jello - Gel Air Freshener - Bubble Gum Natural Fresh 220gm,Default,Default,320,400,400,20,80,
JGEL007,Perfumes / Fragrances,Gel Air Freshener,,0,Ahsan Traders,Fixed,,,,,,Jello Air Freshener Jasmine Flavor 220gm,Default,Default,320,400,400,20,80,
JGEL008,Perfumes / Fragrances,Gel Air Freshener,,0,Ahsan Traders,Fixed,,,,,,Jello Air Freshener Natural Fresh 200gm,Default,Default,320,400,400,20,80,
JGEL009,Perfumes / Fragrances,Gel Air Freshener,,0,Ahsan Traders,Fixed,,,,,,JELLO Air Freshener Pine Apple 1 pcs 220gm,Default,Default,320,400,400,20,80,
JGEL010,Perfumes / Fragrances,Gel Air Freshener,,0,Ahsan Traders,Fixed,,,,,,Jello Gel Air Freshener Apple Natural Fresh 220gm,Default,Default,320,400,400,20,80,
JGEL011,Perfumes / Fragrances,Gel Air Freshener,,0,Ahsan Traders,Fixed,,,,,,Jello Gel Air Freshener - Orange flavor 220gm,Default,Default,320,400,400,20,80,
JGEL012,Perfumes / Fragrances,Gel Air Freshener,,0,Ahsan Traders,Fixed,,,,,,Jello Gel Air Freshener Lemon 220gm,Default,Default,320,400,400,20,80,
JGEL013,Perfumes / Fragrances,Gel Air Freshener,,0,Ahsan Traders,Fixed,,,,,,Jello Gel Air Freshener Vanilla Flavor - 220gm,Default,Default,320,400,400,20,80,
JGEL014,Perfumes / Fragrances,Gel Air Freshener,,0,Ahsan Traders,Fixed,,,,,,"Jello Gel Perfume New car sent, Air Freshener 220gm",Default,Default,320,400,400,20,80,
SamX001,Perfumes / Fragrances,Gel Air Freshener,,0,Ahsan Traders,Fixed,,,,,,Sameili X Air Freshener Gel Perfume Pink Rose Scent 220g Rose flavor,Default,Default,400,500,500,20,100,
SamX002,Perfumes / Fragrances,Gel Air Freshener,,0,Ahsan Traders,Fixed,,,,,,Sameili X Air Freshener Gel Perfume Red Scent 220gm Strawberry flavor,Default,Default,400,500,500,20,100,
SamX003,Perfumes / Fragrances,Gel Air Freshener,,0,Ahsan Traders,Fixed,,,,,,Sameili X - LAVENDER Flavor S08- Gel Air Freshener 220g,Default,Default,400,500,500,20,100,6974673270043
SamX004,Perfumes / Fragrances,Gel Air Freshener,,0,Ahsan Traders,Fixed,,,,,,Sameili X Air Freshener Gel Perfume Yellow Scent 220g Vanilla flavor,Default,Default,400,500,500,20,100,
SamX005,Perfumes / Fragrances,Gel Air Freshener,,0,Ahsan Traders,Fixed,,,,,,SAMEILI X Gel Air Freshener Blue 220gm,Default,Default,425,500,531,15,75,
SamX006,Perfumes / Fragrances,Gel Air Freshener,,0,Ahsan Traders,Fixed,,,,,,SAMEILI X Gel Air Freshener Encounter 220gm,Default,Default,400,500,500,20,100,
VOUG001,Perfumes / Fragrances,Gel Air Freshener,,0,Ahsan Traders,Fixed,,,,,,Vouge Gel Perfume Car Air Freshener -1PCS,Default,Default,880,1100,1100,20,220,
3GUYS01,Car Care,Car Shampoo,,0,Ahsan Traders,Fixed,,UK,,,Three Guys,Three Guys WASH & WAX GREEN Shampoo 250ml,Default,Default,280,350,350,20,70,
3GUYS02,Car Care,DashBoard Spray Polish,,0,Ahsan Traders,Fixed,,UK,,,Three Guys,Three Guys Dashboard Polish & Tyre Wax 450ml - 1 Pcs Multi Fragrance,Default,Default,230,288,288,20.14,58,
3GUYS03,Car Care,Car Shampoo,,0,Ahsan Traders,Fixed,,UK,,,Three Guys,Three Guys Wash & Gloss Shampoo Green Engineered 450ml,Default,Default,400,500,500,20,100,
3GUYS04,Car Care,Car Shampoo,,0,Ahsan Traders,Fixed,,UK,,,Three Guys,Three Guys Car Wash & Shine Shampoo - 250ml Raspberry Scent,Default,Default,280,350,350,20,70,
3GUYS05,Car Care,Car Shampoo,,0,Ahsan Traders,Fixed,,UK,,,Three Guys,Three Guys Citrus Wash & Gloss Shampoo 450ml - High Foaming Car Wash,Default,Default,400,500,500,20,100,
3GUYS06,Car Care,Car Shampoo,,0,Ahsan Traders,Fixed,,UK,,,Three Guys,Three Guys Rasberry Scent Wash & Gloss Shampoo 450ml,Default,Default,400,500,500,20,100,
3GUYS07,Car Care,Car Shampoo,,0,Ahsan Traders,Fixed,,UK,,,Three Guys,Three Guys Wash & Shine Car Shampoo Citrus Scent 250ml,Default,Default,280,350,350,20,70,
7CF0001,Car Care,Car Wax / Polishes,Hard Wax,0,Ahsan Traders,Fixed,,,,,7CF,7CF Hard Wax 200 gm,Default,Default,630,788,788,20.05,158,
AIM0001,Car Care,Car Wax / Polishes,Hard Wax,0,Ahsan Traders,Fixed,,,,,AIM,Aim Hard Wax 200gm,Default,Default,600,950,750,36.84,350,
BIGM001,Car Care,Multipurpose Cleaner,,0,Ahsan Traders,Fixed,,,,,BIG-M,BIG M - FOAM CLEANER Multi Purpose B002- 650 ML,Default,Default,310,460,388,32.61,150,6959375195177
BULL004,Car Care,Car Wax / Polishes,BLACK COLOR WAX,0,Ahsan Traders,Fixed,,,,,BULLSONE,Bullsone Nano Tech Car wax For Black Color Car,Default,Default,3500,4375,4375,20,875,
BULL005,Car Care,Rubbing Compound,,0,Ahsan Traders,Fixed,,,,,BULLSONE,BULLSONE 2-Step Compound Kit With Microfiber Towel Scratch Remover -COMPOUND,Default,Default,0,0,0,0,0,
CARX001,Car Care,Car Shampoo,,0,Ahsan Traders,Fixed,,,,,CARE-X,CARE X7 Car Wash Shampoo & Conditioner 1 Liter,Default,Default,579.9967,688,725,15.7,108.0033,
CARX002,Car Care,Care Shampoo & Conditioner,,0,Ahsan Traders,Fixed,,,,,CARE-X,CARE X7 Car Wash Shampoo & Conditioner 500ML,Default,Default,349.999,438,437,20.09,88.001,
COSMC01,Car Care,Car Wax / Polishes,CARNAUBA HARD WAX,0,Ahsan Traders,Fixed,,,,,Kangaroo,Cosmic Easy CARNAUBA Wax 200 gm KOREA,Default,Default,1050,1313,1313,20.03,263,
COSMC02,Car Care,Tire Wax / Polisher,,0,Ahsan Traders,Fixed,,,,,Kangaroo,Cosmic Leather & Tyre Wax 450ML made china,Default,Default,935,1175,1169,20.43,240,
DG10001,Car Care,DashBoard Spray Polish,,0,Ahsan Traders,Fixed,,,,,DG1,DG 1 Dragon Dashboard polish 1pcs - 450 ML Different smells,Default,Default,250,313,313,20.13,63,
DZL0001,Car Care,DashBoard Spray Polish,,0,Ahsan Traders,Fixed,,,,,Dayzzel,Dayzzel Dashboard Polish 450 ML,Default,Default,300,375,375,20,75,
FZT0001,Car Care,Coolant,,0,Ahsan Traders,Fixed,,,,,FREEZTONE,Freeztone Radiation Coolant 3.79 Ltr Gl Made USA,Default,Default,2700,3375,3375,20,675,
HAJV001,Car Care,Car Wax / Polishes,CARNAUBA HARD WAX,0,Ahsan Traders,Fixed,,PAKISTAN,,,HAJVERI,HAJVERI CAR POLISH 100 ML,Default,Default,159.9993,225,200,28.89,65.0007,
HAJV002,Car Care,Rubbing Compound,,0,Ahsan Traders,Fixed,,PAKISTAN,,,HAJVERI,Hajveri polishing compound scratch remover,Default,Default,150,188,188,20.21,38,
HAJV003,Car Care,Scratch Removers,,0,Ahsan Traders,Fixed,,PAKISTAN,,,HAJVERI,HAJVERI SCRATCH OUT 240 ML MADE PAKISTAN,Default,Default,450,563,563,20.07,113,
KANG001,Car Care,Interior Protectant,Leather & Tyre,0,Ahsan Traders,Fixed,,KOREA,,,Kangaroo,Kangaroo Car Interior Spray Leather & Tyre Wax Made in Korea,Default,Default,940,1175,1175,20,235,
KANG002,Car Care,Car Wax / Polishes,CARNAUBA HARD WAX,0,Ahsan Traders,Fixed,,KOREA,,,Kangaroo,Kangaroo Hard Natural Carnauba Wax Korea 300 gm,Default,Default,1550,1925,1938,19.48,375,
KEYH001,Car Care,Key Holder,,0,Ahsan Traders,Fixed,,,,,,"KEY Holder for Bikes, Cars, Homes, and Offices Made China",Default,Default,220,275,275,20,55,
LOCF101,Car Care,Car Wax / Polishes,CARNAUBA HARD WAX,0,Ahsan Traders,Fixed,,,,,,PACK OF 2 Quick Formula TUBE CARNAUBA CAR WAX 100 gm,Default,Default,160,200,200,20,40,
MFIBR01,Car Care,MICROFIBER CLOTH,,0,Ahsan Traders,Fixed,,,,,,Pack of 6 Microfiber Different color Cloth (300 GSM) ( 40 X 60 cm ) China,Default,Default,1200,1500,1500,20,300,
MFIBR02,Car Care,MICROFIBER CLOTH,,0,Ahsan Traders,Fixed,,,,,,PACK OF 2 MICRO FIBER 40 cm x 40 cm- 300GSM Diffrent colors - china,Default,Default,0,0,0,0,0,
MFIBR03,Car Care,MICROFIBER CLOTH,,0,Ahsan Traders,Fixed,,,,,,Pack of 2 Microfiber 6 Different Colour Size: 50 X 70 CM - 300GSM,Default,Default,1350,1688,1688,20.02,338,
MFIBR04,Car Care,MICROFIBER CLOTH,,0,Ahsan Traders,Fixed,,,,,,4 Pcs - Microfiber Multi-colour Cloth ( 300 Gsm ) 30*60 cm,Default,Default,520,650,650,20,130,
MFIBR05,Car Care,MICROFIBER CLOTH,,0,Ahsan Traders,Fixed,,,,,,Pack of 2 Microfiber 40 X 40 cm - 400 GSM Blue Colour china,Default,Default,0,0,0,0,0,
SEGA001,Car Care,Glass Cleaner,,0,Ahsan Traders,Fixed,,,,,SEGA,Sega Auto Glass Cleaner Prime shine 750ML Made in korea,Default,Default,700,875,875,20,175,
SFT9901,Car Care,Car Wax / Polishes,BLACK COLOR WAX,0,Ahsan Traders,Fixed,,Japan,,,SOFT99,SOFT 99 AUTO WAX BLACK 250 GM JAPAN,Default,Default,1350,1688,1688,20.02,338,
SHNX001,Car Care,Car Wax / Polishes,CARNAUBA HARD WAX,0,Ahsan Traders,Fixed,,U.S.A,,,SHINEX,SHINEX CARNAUBA HARD WAX Green 300 gm USA,Default,Default,1450,1813,1813,20.02,363,
SHNX002,Car Care,Car Wax / Polishes,CARNAUBA HARD WAX,0,Ahsan Traders,Fixed,,U.S.A,,,SHINEX,Shinex CARNAUBA HARD WAX CERAMIC LOOK 200gm USA,Default,Default,900,1125,1125,20,225,
SHNX003,Car Care,Car Wax / Polishes,CARNAUBA HARD WAX,0,Ahsan Traders,Fixed,,U.S.A,,,SHINEX,Shinex Orange Hard wax PROFESSIONAL CARNAUBA WAX 200gm USA,Default,Default,950,1188,1188,20.03,238,
SIDE001,Car Care,Car Shampoo,,0,Ahsan Traders,Fixed,,PAKISTAN,,,Sidex,SIDEX CAR Shampoo - High Foaming BLUE - 250ml,Default,Default,300,375,375,20,75,7433922725004
SIDE002,Car Care,Car Shampoo,Foaming Shampoo,0,Ahsan Traders,Fixed,,PAKISTAN,,,Sidex,Sidex High Foaming Car Shampoo 500 ML,Default,Default,550,688,688,20.06,138,
SIDE003,Car Care,Car Wax / Polishes,,0,Ahsan Traders,Fixed,,PAKISTAN,,,Sidex,SIDEX CAR WAX SHINES & PROTECTS - 200gm,Default,Default,800,1063,1000,24.74,263,
SIDE004,Car Care,Dashboard Cleaner,,0,Ahsan Traders,Fixed,,PAKISTAN,,,Sidex,SIDEX CAR Dashboard Cleaner - 300 ML,Default,Default,550,688,688,20.06,138,924235260401
SIDE005,Car Care,Dashboard Cleaner,,0,Ahsan Traders,Fixed,,PAKISTAN,,,Sidex,SIDEX CAR Dashboard Cleaner 120ml,Default,Default,270,338,338,20.12,68,1209945244237
SIDE006,Car Care,Glass Cleaner,WIND SHEILD CLEANER,0,Ahsan Traders,Fixed,,PAKISTAN,,,Sidex,SIDEX WIND SHEILD & GLASS CLEANER with Anti-FOG 500ml,Default,Default,290,420,363,30.95,130,
SIDE007,Car Care,Tire Wax / Polisher,,0,Ahsan Traders,Fixed,,PAKISTAN,,,Sidex,SIDEX TIRE Shine 120ml,Default,Default,300,375,375,20,75,9563215825635
UNIC001,Car Care,Interior Protectant,Leather & Tyre,0,Ahsan Traders,Fixed,,PAKISTAN,,,UNICORN,Unicorn Leather and Tyre Gloss OUD Fragrance 500 ML,Default,Default,750,938,938,20.04,188,
UNIC002,Car Care,WAX & POLISH,Car Liquid Wax,0,Ahsan Traders,Fixed,,PAKISTAN,,,UNICORN,Unicorn Car Body polish liquid wax 500ml,Default,Default,650,813,813,20.05,163,
UNIC003,Car Care,Car Protectant,Revive All,0,Ahsan Traders,Fixed,,PAKISTAN,,,UNICORN,Unicorn - Revive All Shine and Protects 250ML,Default,Default,400,500,500,20,100,
UNIC004,Car Care,Car Shampoo,,0,Ahsan Traders,Fixed,,PAKISTAN,,,UNICORN,Unicorn shampoo 30ML Wash & Wax,Default,Default,25,31,31,19.35,6,
UNIC005,Car Care,Car Wax / Polishes,,0,Ahsan Traders,Fixed,,PAKISTAN,,,UNICORN,Unicorn Car Body Polish 100g YELLOW Box with Applicator,Default,Default,175,219,219,20.09,44,4892100090304
UNIC006,Car Care,Coolant,Concentrate Coolant,0,Ahsan Traders,Fixed,,PAKISTAN,,,UNICORN,"Unicorn Power Coolant, Concentrate Coolant 1 Liter, 10 liter water",Default,Default,600,750,750,20,150,
UNIC007,Car Care,Engine Degreaser & Cleaner,,0,Ahsan Traders,Fixed,,PAKISTAN,,,UNICORN,Unicorn Engine Cleaner DEGREASER 500 ml,Default,Default,0,0,0,0,0,
UNIC008,Car Care,Glass Cleaner,,0,Ahsan Traders,Fixed,,PAKISTAN,,,UNICORN,Unicorn Glass & Window Cleaner 500ML,Default,Default,300,375,375,20,75,
UNIC009,Car Care,Scratch Removers,,0,Ahsan Traders,Fixed,,PAKISTAN,,,UNICORN,Unicorn Scratch Remover Color & Gloss Restorer 100g,Default,Default,150,320,188,53.13,170,4892100070108
UNIC010,Car Care,Rubbing Compound,,0,Ahsan Traders,Fixed,,PAKISTAN,,,UNICORN,UNICORN RUBBING COMPOUND White JAR 100g,Default,Default,140,290,175,51.72,150,4892100080206
UNIC011,Car Care,Shine RESTORER,,0,Ahsan Traders,Fixed,,PAKISTAN,,,UNICORN,UNICORN BLACK SHINE RESTORE BRIGHTENING 250 ML,Default,Default,0,0,0,0,0,
UNIC012,Car Care,Multipurpose Cleaner,,0,Ahsan Traders,Fixed,,PAKISTAN,,,UNICORN,Unicorn Multi Purpose Cleaner 250 ML With 1 pcs Free gift windshield washer 100 ML,Default,Default,250,313,313,20.13,63,
UNIC013,Car Care,WindShield Cleaner,,0,Ahsan Traders,Fixed,,PAKISTAN,,,UNICORN,Pack of 3 Unicorn WindShield Washer 100 ML,Default,Default,0,0,0,0,0,
UNIC014,Car Care,Multipurpose Cleaner,,0,Ahsan Traders,Fixed,,PAKISTAN,,,UNICORN,Unicorn Multi Purpose Cleaner 500 ML,Default,Default,0,0,0,0,0,
BULL006,Car Care,Car Shampoo Waterless,WaterLess Shampoo,0,Ahsan Traders,Fixed,,,,,BULLSONE,Bullsone 2-in-1 Waterless Car Cleaner & Wax 550ml,Default,Default,850,1125,1063,24.44,275,
BULL007,Car Care,Car Wax / Polishes,White Color WAX,0,Ahsan Traders,Fixed,,,,,BULLSONE,Bullsone Nano tech Car wax for white Colored Cars 300gm,Default,Default,3300,4125,4125,20,825,
BULL008,Car Care,Car Wax / Polishes,ALL COLOR WAX,0,Ahsan Traders,Fixed,,,,,BULLSONE,Bullsone Van Guard Wax All Colored Car 200gm Korean-Made,Default,Default,730,913,913,20.04,183,
LED0001,LED Lights,Projector Lens LED,2 LENSE,0,Ahsan Sattar Auto Traders (OLD),Fixed,,,Multi Function,,HJG,Projector Dual LensDual Color LED 40W,Default,Default,5000,7500,6250,33.33,2500,
LED0002,LED Lights,Projector Lens LED,1 LENSE,0,Ahsan Sattar Auto Traders (OLD),Fixed,,China,Multi Function,KZ30,HJG,HJG Cree KZ30 Zoom Light 60W Original,Default,Default,3000,4900,3750,38.78,1900,
LED0003,LED Lights,Projector Lens LED,1 LENSE,0,Ahsan Sattar Auto Traders (OLD),Fixed,,China,Multi Function,,,Round - Allextreme EXG20F2 LED Fog Light Spot 20W,Default,Default,3200,4000,4000,20,800,
LED0004,LED Lights,Projector Lens LED,1 LENSE,0,Ahsan Sattar Auto Traders (OLD),Fixed,,China,Multi Function,,Mokey Pro,Mini Driving Light Mokey Pro,Default,Default,425,650,531,34.62,225,
LED0005,LED Lights,Projector Lens LED,2 LENSE,0,Ahsan Sattar Auto Traders (OLD),Fixed,,China,Multi Function,,HJG,HJG Mega Drive Mini Dual Tone Light 125W 1-Pair,Default,Default,5000,7200,6250,30.56,2200,
LED0006,LED Lights,Projector Lens LED,1 LENSE,0,Ahsan Sattar Auto Traders (OLD),Fixed,,China,Multi Function,,,Dual Color Multi Function LED Spot Light 20W 1-Pair,Default,Default,3000,3500,3750,14.29,500,
MFIBR06,Car Care,MICROFIBER CLOTH,Single,0,Ahsan Traders,Fixed,,China,Single Sided,,,MicroFiber 40x40 Special Double Sided,Default,Default,250,450,313,44.44,200,
MFIBR07,Car Care,MICROFIBER CLOTH,,0,Ahsan Traders,Fixed,,,Single Sided,,,MicroFiber 40x60 Single Sided 300GSM Mix Color,Default,Default,189.9989,350,237,45.71,160.0011,
MFIBR08,Car Care,MICROFIBER CLOTH,,0,Ahsan Traders,Fixed,,China,Single Sided,,,MicroFiber 40x40 Single Sided 600GSM Mix Color,Default,Default,210,400,263,47.5,190,
MFIBR09,Car Care,MICROFIBER CLOTH,,0,Ahsan Traders,Fixed,,China,Single Sided,,,MicroFiber 30x60 Single Sided 300GSM Mix Color,Default,Default,139.9992,350,175,60,210.0008,
MFIBR10,Car Care,MICROFIBER CLOTH,,0,Ahsan Traders,Fixed,,China,Single Sided,,,MicroFiber 50x70 Single Sided 300GSM Mix Color,Default,Default,229.9987,450,287,48.89,220.0013,
KEYC,Car Care,KEY COVER,,0,Ahsan Traders,Fixed,,China,,TOYOTA,,Key Cover TOYOTA,Default,Default,95,250,119,62,155,
KEYC001,Car Care,KEY COVER,,0,Ahsan Traders,Fixed,,China,,SUZUKI,,KEY Cover SUZUKI,Default,Default,95,250,119,62,155,
KEYC002,Car Care,KEY COVER,,0,Ahsan Traders,Fixed,,China,,SUZUKI,,KEY Cover HONDA,Default,Default,95,250,119,62,155,
MFLUSH1,Car Care,ADDITIVES,MOTOR FLUSH,0,Ahsan Traders,Fixed,,China,,,BOTNY,5-Minutes Motor Flush Treatment BOTNY- 443ml,Default,Default,370,550,463,32.73,180,
PUMP001,Car Care,AIR PUMP,,0,Ahsan Traders,Fixed,,China,,,,Tri-Angle Air Pump FY2222,Default,Default,3500,4500,4375,22.22,1000,
PUMP002,Car Care,AIR PUMP,Double Cylinder Air Pump,0,Ahsan Traders,Fixed,,China,,,,Camel Double Cylinder Air Pump Air Compressor 12v,Default,Default,4500,6000,5625,25,1500,
PERF001,Car Care,PERFUMES,CARD PERFUME,0,Ahsan Traders,Fixed,,China,,,,X Perfume Card Hanging YELLOW,Default,Default,70,150,88,53.33,80,
PERF002,Car Care,PERFUMES,CARD PERFUME,0,Ahsan Traders,Fixed,,China,,,,X Perfume Card Hanging TREE,Default,Default,50,100,63,50,50,
PERF003,Car Care,PERFUMES,CARD PERFUME,0,Ahsan Traders,Fixed,,China,,,,X Perfume Card Hanging DUA ISLAMIC,Default,Default,50,100,63,50,50,
CLOTH01,Car Care,Cleaning Cloths,,0,Ahsan Traders,Fixed,,PAKISTAN,,,LOCAL,Cleaning Cloth 20x30 LOCAL 1pc,Default,Default,30,60,38,50,30,
HWAX001,Car Care,WAX & POLISH,HARD WAX,0,Ahsan Traders,Fixed,,China,,,,Apache Hard Wax (200g) China,Default,Default,600,800,750,25,200,
LED0007,LED Lights,NORMAL LED,12 LEDs,0,Ahsan Traders,Fixed,,China,,,Mokey Pro,MOKEY PRO W36A white yellow Dual Fog lights 12LED HL,Default,Default,1200,1500,1500,20,300,
LED0008,LED Lights,Projector Lens LED,1 LENSE,0,Ahsan Traders,Fixed,,China,,,Mokey Pro,MOKEY PRO U7 BLUE RING 1 Lense light,Default,Default,1050,1400,1313,25,350,
LED0009,LED Lights,Projector Lens LED,3 LENSE,0,Ahsan Traders,Fixed,,China,Dual COLOR Y/W,,Mokey Pro,MOKEY PRO U41L 3 Lense W-Y light,Default,Default,1250,1650,1563,24.24,400,
LED0010,LED Lights,Projector Lens LED,1 LENSE,0,Ahsan Traders,Fixed,,China,Multi Function,,Mokey Pro,MOKEY PRO U52 BLUE RING 1 Lense light,Default,Default,1650,2000,2063,17.5,350,
LED0011,LED Lights,NORMAL LED,,0,Ahsan Traders,Fixed,,China,Multi Function,,Mokey Pro,MOKEY PRO U49 W-Y RED+BLUE Flash light,Default,Default,850,1200,1063,29.17,350,
LED0012,LED Lights,NORMAL LED,,0,Ahsan Traders,Fixed,,China,Multi Function,,,OWL Light Slim Black Aluminium Flash Light,Default,Default,570,850,713,32.94,280,
LED0013,LED Lights,SMD,4 LENSE,0,Ahsan Traders,Fixed,,China,,,HJG,HJG S40 SMD 4 LENSE PLASTIC,Default,Default,950,1400,1188,32.14,450,
LED0014,LED Lights,DASHBOARD LIGHT,SINGLE COLOR SRTIP,0,Ahsan Traders,Fixed,,China,,,,DashBoard STRIP Light BLUE+ICE+RED SINGLE COLOR,Default,Default,300,800,375,62.5,500,
CGAD001,CAR GADGETS,DATA CABLES,ANDROID,0,Ahsan Traders,Fixed,,,,,,DATA CABLE ANDROID,Default,Default,150,300,188,50,150,
LED0015,LED Lights,DASHBOARD LIGHT,POLICE LIGHT STRIP,0,Ahsan Traders,Fixed,,China,Multi Function,,,DASHBOARD POLICE LIGHT STRIP,Default,Default,580,950,725,38.95,370,
LED0016,LED Lights,UNIVERSTAL STRIP LIGHT,STRIP LIGHT,0,Ahsan Traders,Fixed,,China,Multi Function,,,UNIVERSAL STRIP LIGHT 72 FUNCTIONS 15Feet 50x50,Default,Default,650,850,813,23.53,200,
LED0017,LED Lights,UNIVERSTAL STRIP LIGHT,REMOTE STRIP LIGHT,0,Ahsan Traders,Fixed,,China,Multi Function,,,UNIVERSAL STRIP LIGHT REMOTE ALL COLOR 15Feet,Default,Default,725,1000,906,27.5,275,
LED0018,LED Lights,UNIVERSAL LIGHTS,,0,Ahsan Traders,Fixed,,China,Multi Function,,,ANGLE WINGS LIGHT WHITE,Default,Default,2000,2600,2500,23.08,600,
LED0019,LED Lights,UNIVERSAL LIGHTS,WINGS STYLE,0,Ahsan Traders,Fixed,,China,Single Color,,,ANGLE WINGS LIGHT RED,Default,Default,2000,2600,2500,23.08,600,
LED0020,LED Lights,UNIVERSAL LIGHTS,WINGS STYLE,0,Ahsan Traders,Fixed,,China,Single Color,,,ANGLE WINGS LIGHT BLUE,Default,Default,2000,2600,2500,23.08,600,
CGAD002,CAR GADGETS,MOBILE CHARGERS,,0,Ahsan Traders,Fixed,,China,20 WATTS,,,KHM Model# X129 20W 2Port CARGER,Default,Default,379.9986,550,475,30.91,170.0014,
CGAD003,CAR GADGETS,MOBILE CHARGERS,WHITHOUT WIRE,0,Ahsan Traders,Fixed,,China,55 WATTS,,,PD Quick CAR MOBILE Charge 55W 3.1A With 3 USB PORTS,Default,Default,600,850,750,29.41,250,
CGAD004,CAR GADGETS,MOBILE CHARGERS,WITH WIRE,0,Ahsan Traders,Fixed,,China,,,,KHM M33 CAR Mobile Charger With CABLE,Default,Default,380,600,475,36.67,220,
LED0021,LED Lights,NORMAL LED,9 LEDs,0,Ahsan Traders,Fixed,,China,Single Color,,,PLASTIC LED LIGHT H062 9-LEDs White BOX,Default,Default,224.9987,450,281,50,225.0013,
LED0022,LED Lights,Projector Lens LED,1 LENSE,0,Ahsan Traders,Fixed,,China,Dual COLOR Y/W,,,MINI DRIVE Light W-Y ASP Yellow BOX,Default,Default,424.9976,750,531,43.33,325.0024,
LED0023,LED Lights,Projector Lens LED,1 LENSE,0,Ahsan Traders,Fixed,,China,Dual COLOR Y/W,,,MINI DRIVE Light W-Y ASP BLUE BOX SPECIAL,Default,Default,499.9972,850,625,41.18,350.0028,
LED0024,LED Lights,Projector Lens LED,2 LENSE,0,Ahsan Traders,Fixed,,China,Dual COLOR Y/W,,,DOLPHIN 2-LENSE W-Y Light Plastic CRWON,Default,Default,649.9963,850,812,23.53,200.0037,
GEN0001-999-999,General,DOOR SAFTY RUBBER,,0,Ahsan Traders,Fixed,,China,,,,CAR DOOR SAFTY RUBBER Mix COLOR 1SetX4pcs China,Default,Default Color,159.9991,400,200,60,240.0009,
GEN0002-999-999,General,KEY RING,PLASTIC SPIRAL,0,Ahsan Traders,Fixed,,China,,,,Plastic KEY RING Spiral Stretchable Multicolor Chain1PC,Default,Default Color,33.3398,60,42,44.43,26.6602,
GEN0003-999-999,General,KEY RING,METAL CHAIN,0,Ahsan Traders,Fixed,,China,,,,Metal KEY RING Chain1PC,Default,Default Color,64.9996,150,81,56.67,85.0004,
FRAG004,Perfumes / Fragrances,Liquid Air Freshener,DashBoard Perfume With REFILL,0,Ahsan Traders,Fixed,,China,,,,DashBoard Solar Powered Perfume Helicopter With Refill,Default,Default,980,1250,1225,21.6,270,
FRAG002,Perfumes / Fragrances,Liquid Air Freshener,DashBoard Perfume With REFILL,0,Ahsan Traders,Fixed,,China,,,,Solar Combat Airplane JET Style DashBoard Perfume with REFIL,Default,Default,950,1250,1188,24,300,
FRAG003,Perfumes / Fragrances,Liquid Air Freshener,DashBoard Perfume With REFILL,0,Ahsan Traders,Fixed,,China,,,MOONZLIN,DashBoard Perfume with REFIL Jaguar Style Air Freshener Silver,Default,Default,800,1200,1000,33.33,400,
IFAN001,General Electrical,DashBoard Fan Double,360 FAN With Perfume,0,Ahsan Traders,Fixed,,China,,,,DashBoard FAN Double 360 Rotation SLIM with Perfume,Default,Default,1450,1950,1813,25.64,500,
FL00070,Car Care,Carburetor Cleaner,,0,Ahsan Traders,Fixed,,China,,,Flamingo,Flamingo Car Injector Carburetor Cleaner 300ml,Default,Default,220,400,275,45,180,
UNIC015,Car Care,Body Wax,,0,Ahsan Traders,Fixed,,PAKISTAN,,,UNICORN,Unicorn Easy Car Polish Carnauba Wax Liquid Gloss Shine Blue 250ml,Default,Default,200,550,250,63.64,350,
LED0025,LED Lights,BackLight/Tail Lights,Bike Light,0,Ahsan Traders,Fixed,,China,Multi Function,,Mokey Pro,"Moky Pro Lava Backlight Led for Bikes Multi-Function with Indicators- Cd70, CG125",Default,Default,1500,1950,1875,23.08,450,
KANG004,Car Care,Tire Wax / Polisher,,0,Ahsan Traders,Fixed,,KOREA,,,Kangaroo,KANGAROO KOREA Cosmic Leather & Tyre Wax 500ML,Default,Default,1050,1450,1313,27.59,400,8801285530303
7CF0002,Car Care,FURNITURE POLISH,SPRAY POLISH,0,CASTA AUTO (KHI),Fixed,,China,,,7CF,7cf Furniture Polish Spray 550ml,Default,Default,340,550,425,38.18,210,6900037802131
KANG003,Car Care,Car Wax / Polishes,CARNAUBA HARD WAX,0,Ahsan Traders,Fixed,,KOREA,,,Kangaroo,Kangaroo Hard EXCELLENT Wax 80% Made KOREA – 300g,Default,Default,1590,1950,1988,18.46,360,8801285310103
ALAR004,Perfumes / Fragrances,SPRAY AIR FRESHENER,,0,Ahsan Traders,Fixed,,UAE,,,AL ARABIA,Al Arabia BAKHOUR - Dry Air Freshener 300ml - 1PCS,Default,Default,290,440,363,34.09,150,3571700292264
ALAR005,Perfumes / Fragrances,SPRAY AIR FRESHENER,,0,Ahsan Traders,Fixed,,UAE,,,AL ARABIA,Al Arabia SABAYA - Dry Air Freshener 300ml - 1PCS,Default,Default,290,420,363,30.95,130,3571700293957
ALAR006,Perfumes / Fragrances,SPRAY AIR FRESHENER,,0,Ahsan Traders,Fixed,,UAE,,,AL ARABIA,Al Arabia ASEEL - Dry Air Freshener 300ml - 1PCS,Default,Default,290,420,363,30.95,130,3571700296439
ALAR007,Perfumes / Fragrances,SPRAY AIR FRESHENER,,0,Ahsan Traders,Fixed,,UAE,,,AL ARABIA,Al Arabia OUD - Dry Air Freshener 300ml - 1PCS,Default,Default,290,420,363,30.95,130,676979100937
ALAR008,Perfumes / Fragrances,SPRAY AIR FRESHENER,,0,Ahsan Traders,Fixed,,UAE,,,AL ARABIA,Al Arabia RED ROSE - Dry Air Freshener 300ml - 1PCS,Default,Default,290,420,363,30.95,130,676979100982
ALAR009,Perfumes / Fragrances,SPRAY AIR FRESHENER,,0,Ahsan Traders,Fixed,,UAE,,,AL ARABIA,Al Arabia SILVA - Dry Air Freshener 300ml - 1PCS,Default,Default,290,420,363,30.95,130,6769791001354
ALAR010,Perfumes / Fragrances,SPRAY AIR FRESHENER,,0,Ahsan Traders,Fixed,,UAE,,,AL ARABIA,Al Arabia AL-FARES - Dry Air Freshener 300ml - 1PCS,Default,Default,290,420,363,30.95,130,676979100944
ALAR011,Perfumes / Fragrances,SPRAY AIR FRESHENER,,0,Ahsan Traders,Fixed,,UAE,,,AL ARABIA,Al Arabia SOFT - Dry Air Freshener 300ml - 1PCS,Default,Default,290,420,363,30.95,130,6769791001422
ALAR012,Perfumes / Fragrances,SPRAY AIR FRESHENER,,0,Ahsan Traders,Fixed,,UAE,,,AL ARABIA,Al Arabia BAHRAIN PEARL - Dry Air Freshener 300ml - 1PCS,Default,Default,290,420,363,30.95,130,6769791001590
SIDE008,Car Care,Car Shampoo,Wash & Wax,0,Ahsan Traders,Fixed,,PAKISTAN,,,Sidex,SIDEX CAR WASH & SHINE Shampoo - 250ml,Default,Default,300,470,375,36.17,170,7433925092745
GEN0004-000-000,General,ADHESIVE ,,0,Ahsan Traders,Fixed,,China,,,,Transparent 3M-CN Double Sided Tape Mini Roll 10mm x (10Meter ) 32 Feet,10MM,Transparent,200,350,250,42.86,150,
PRA0000,Car Care,DashBoard Polish Spray,,0,Lasani Decoration,Fixed,,China,,,Prato,PRATO 3 IN 1 QUICK DETAILER 500ML,Default,Default,650,812.5,813,20,162.5,
PRA0001,Car Care,Motor Flush,,0,Lasani Decoration,Fixed,,China,,,Prato,PRATO 5 MINUTE MOTAR FLUSH,Default,Default,355,443.75,444,20,88.75,
PRA0002,Car Care,Coolant,,0,Lasani Decoration,Fixed,,China,,,Prato,PRATO RADIATOR COOLANT 1 LITER,Default,Default,415,518.75,519,20,103.75,
PRA0003,Car Care,AC CLEANER,,0,Lasani Decoration,Fixed,,China,,,Prato,PRATO AIR CONDITIONER CLEANER,Default,Default,450,562.5,563,20,112.5,
PRA0004,Car Care,BRAKE CLEANER,,0,Lasani Decoration,Fixed,,China,,,Prato,PRATO BRAKE CLEANER,Default,Default,375,468.75,469,20,93.75,
PRA0005,Car Care,Car Wax / Polishes,,0,Lasani Decoration,Fixed,,China,,,Prato,PRATO CAR POLISH WAX,Default,Default,430,537.5,538,20,107.5,
PRA0006,Car Care,SHAMPOO,,0,Lasani Decoration,Fixed,,China,,,Prato,PRATO CAR WASH SHAMPOO 1 LITER,Default,Default,575,718.75,719,20,143.75,
PRA0007,Car Care,SHAMPOO,,0,Lasani Decoration,Fixed,,China,2 LITER,,Prato,PRATO CAR WASH SHAMPOO 2 LITER,Default,Default,900,1125,1125,20,225,
PRA0008,Car Care,SHAMPOO,,0,Lasani Decoration,Fixed,,China,500 ML,,Prato,PRATO CAR WASH SHAMPOO 500ML,Default,Default,325,406.25,406,20,81.25,
PRA0009,Car Care,WASH & WAX,,0,Lasani Decoration,Fixed,,China,2 LITER,,Prato,PRATO CAR WASH WAX 2 LITER,Default,Default,900,1125,1125,20,225,
PRA0010,Car Care,CERAMIC POLISH & WAX,,0,Lasani Decoration,Fixed,,China,,,Prato,PRATO CERAMIC POLISH AND WAX,Default,Default,650,812.5,813,20,162.5,
PRA0011,Car Care,COLOR WAX & POLISHE,,0,Lasani Decoration,Fixed,,China,,,Prato,PRATO COLOUR WAX BLACK,Default,Default,650,812.5,813,20,162.5,
PRA0012,Car Care,COLOR WAX & POLISHE,,0,Lasani Decoration,Fixed,,China,,,Prato,PRATO COLOUR WAX SILVER,Default,Default,650,812.5,813,20,162.5,
PRA0013,Car Care,COLOR WAX & POLISHE,,0,Lasani Decoration,Fixed,,China,,,Prato,PRATO COLOUR WAX WHITE,Default,Default,650,812.5,813,20,162.5,
PRA0014,Car Care,LIQUID WAX POLISH,,0,Lasani Decoration,Fixed,,China,,,Prato,PRATO CRYSTAL LIQUID WAX,Default,Default,550,687.5,688,20,137.5,
PRA0015,Car Care, COATING POLISH,,0,Lasani Decoration,Fixed,,China,,,Prato,PRATO DASHBOARD COATING,Default,Default,585,731.25,731,20,146.25,
PRA0016,Car Care,DashBoard Spray Polish,,0,Lasani Decoration,Fixed,,China,450 ML,,Prato,PRATO DASHBOARD SPRAY 450 ML,Default,Default,270,337.5,338,20,67.5,
PRA0017,Car Care,DE RUST,,0,Lasani Decoration,Fixed,,China,300 GRM,,Prato,PRATO DE RUST LUBRICANT 300G,Default,Default,240,300,300,20,60,
PRA0018,Car Care,DE RUST,,0,Lasani Decoration,Fixed,,China,450 GRM,,Prato,PRATO DE RUST LUBRICANT 450G,Default,Default,295,368.75,369,20,73.75,
PRA0019,Car Care,Hard Wax,,0,Lasani Decoration,Fixed,,China,DIAMOND WAX,,Prato,PRATO DIAMOND HARD WAX,Default,Default,560,700,700,20,140,
PRA0020,Car Care,Tire Wax / Polisher,,0,Lasani Decoration,Fixed,,China,GEL,,Prato,PRATO TIRE GEL 500ML,Default,Default,460,575,575,20,115,
PRA0021,Car Care,Tire Sealant & Inflator,,0,Lasani Decoration,Fixed,,China,,,Prato,PRATO TIRE SEALENT AND INFLATOR,Default,Default,360,450,450,20,90,
PRA0022,Car Care,Tire Wax / Polisher,,0,Lasani Decoration,Fixed,,China,500 ML,,Prato,PRATO TIRE SHINE 500ML,Default,Default,490,612.5,613,20,122.5,
PRA0023,Car Care,WASH & WAX,,0,Lasani Decoration,Fixed,,China,1 LITER,,Prato,PRATO CAR WASH AND WAX 1 LITER,Default,Default,575,718.75,719,20,143.75,
PRA0024,Car Care,WASH & WAX DRY SPRAY,,0,Lasani Decoration,Fixed,,China,,,Prato,PRATO WASH AND WAX DRY SPRAY 500M,Default,Default,650,812.5,813,20,162.5,
PRA0025,Car Care,Cleaner,,0,Lasani Decoration,Fixed,,China,WHEEL & RIM CLEANER,,Prato,PRATO WHEEL AND RIM CLEANER,Default,Default,400,500,500,20,100,
PRA0026,Car Care,Windshield Washer,,0,Lasani Decoration,Fixed,,China,500 ML,,Prato,PRATO WIND SHIELD WASHER 500ML,Default,Default,310,387.5,388,20,77.5,
PRA0027,Car Care,Injector Cleaner,,0,Lasani Decoration,Fixed,,China,,,Prato,PRATO DIESEL INJECTOR CLEANER,Default,Default,305,381.25,381,20,76.25,
PRA0028,Car Care,CONTACT CLEANER,,0,Lasani Decoration,Fixed,,China,,,Prato,PRATO ELECTONIC CONTACT CLEANER,Default,Default,375,468.75,469,20,93.75,
PRA0029,Car Care,Foam Cleaner,,0,Lasani Decoration,Fixed,,China,650ML,,Prato,PRATO FOAM CLEANER 650ML,Default,Default,305,381.25,381,20,76.25,
PRA0030,Car Care,Engine Degreaser & Cleaner,,0,Lasani Decoration,Fixed,,China,,,Prato,PRATO FOAMING ENGINE DEGREASER,Default,Default,340,425,425,20,85,
PRA0031,Car Care,Glass Cleaner,,0,Lasani Decoration,Fixed,,China,,,Prato,PRATO GLASS CLEANER,Default,Default,355,443.75,444,20,88.75,
PRA0032,Car Care,PROTECTANT,,0,Lasani Decoration,Fixed,,China,315 GRM,,Prato,PRATO GLOSS FINISH PROTECTANT 315G,Default,Default,350,437.5,438,20,87.5,
PRA0033,Car Care,HEADLIGHT RESTORER,,0,Lasani Decoration,Fixed,,China,300ML,,Prato,PRATO HEADLIGHT RESTORER 300ML,Default,Default,530,662.5,663,20,132.5,
PRA0034,Car Care,LEATHER POLISH,,0,Lasani Decoration,Fixed,,China,500 ML,,Prato,PRATO LEATHER CLEANER 500ML,Default,Default,465,581.25,581,20,116.25,
PRA0035,Car Care,LEATHER COATING,,0,Lasani Decoration,Fixed,,China,,,Prato,PRATO LEATHER COATING,Default,Default,585,731.25,731,20,146.25,
PRA0036,Car Care,LEATHER POLISH,,0,Lasani Decoration,Fixed,,China,500 ML,,Prato,PRATO LEATHER POLISH 500ML,Default,Default,465,581.25,581,20,116.25,
PRA0037,Car Care,METAL POLISH,,0,Lasani Decoration,Fixed,,China,300ML,,Prato,PRATO METAL POLISH 300ML,Default,Default,525,656.25,656,20,131.25,
PRA0038,Car Care,BOOSTER,,0,Lasani Decoration,Fixed,,China,,,Prato,PRATO OCTANE BOOSTER 354ML,Default,Default,315,393.75,394,20,78.75,
PRA0039,Car Care,Injector Cleaner,,0,Lasani Decoration,Fixed,,China,PETROL,,Prato,PRATO PETROL INJECTOR CLEANER 325M,Default,Default,305,381.25,381,20,76.25,
PRA0040,Car Care,Hard Wax,,0,Lasani Decoration,Fixed,,China,PLATINIUM WAX,,Prato,PRATO PLATINIUM HARD WAX 200G,Default,Default,610,762.5,763,20,152.5,
PRA0041,Car Care,Polishing Wax,,0,Lasani Decoration,Fixed,,China,,,Prato,PRATO POLISHING GLAZE,Default,Default,1700,2125,2125,20,425,
PRA0042,Car Care,COATING,,0,Lasani Decoration,Fixed,,China,,,Prato,PRATO POLYMERIC COATING,Default,Default,585,731.25,731,20,146.25,
PRA0043,Car Care,COATING,,0,Lasani Decoration,Fixed,,China,COATING FILM,,Prato,PRATO PREMIUM COATING FILM,Default,Default,1700,2125,2125,20,425,
PRA0044,Car Care,Coolant,,0,Lasani Decoration,Fixed,,China,2 LITER,,Prato,PRATO RADIATOR COOLANT 2 LITER,Default,Default,700,875,875,20,175,
PRA0045,Car Care,RADIATOR FLUSH,,0,Lasani Decoration,Fixed,,China,,,Prato,PRATO RADIATOR FLUSH,Default,Default,265,331.25,331,20,66.25,
PRA0046,Car Care,Rubbing Compound,,0,Lasani Decoration,Fixed,,China,,,Prato,PRATO RUBBING COMPOUND 946G,Default,Default,1650,2062.5,2063,20,412.5,
PRA0047,Car Care,Rubbing Compound,,0,Lasani Decoration,Fixed,,China,,,Prato,PRATO RUBBING COMPOUND 230G,Default,Default,500,625,625,20,125,
PRA0048,Car Care,Injector Cleaner,,0,Lasani Decoration,Fixed,,China,,,Prato,PRATO INJECTOR AND CHOKE CLEANER,Default,Default,265,331.25,331,20,66.25,
PRA0049,Car Care,PROTECTANT,,0,Lasani Decoration,Fixed,,China,,,Prato,PRATO SHINE AND PROTECT 295ML,Default,Default,325,406.25,406,20,81.25,
PRA0050,Car Care,SCRATCH REMOVER,,0,Lasani Decoration,Fixed,,China,300ML,,Prato,PRATO SCRATCH REMOVER 300ML,Default,Default,510,637.5,638,20,127.5,
PRA0051,Car Care,SHAMPOO,,0,Lasani Decoration,Fixed,,China,500 ML,,Prato,PRATO SHAMPOO WASH AND WAX 500ML,Default,Default,325,406.25,406,20,81.25,
PRA0052,Car Care,STICKER REMOVER,,0,Lasani Decoration,Fixed,,China,,,Prato,PRAT0 STICKER REMOVER,Default,Default,385,481.25,481,20,96.25,
PRA0053,Car Care,TIRE FOAM,,0,Lasani Decoration,Fixed,,China,650ML,,Prato,PRATO TIRE FOAM 650ML,Default,Default,340,425,425,20,85,
MSP0001-023-999,PAINT,SPRAY PAINT,,0,Ahsan Sattar Auto Traders (OLD),Fixed,,,,,MUSAVIR,mus,BRIGHT CHROME,Default,0,0,0,0,0,
MUS0000,SPRAY PAINT,SPRAY PAINT,,0,MZ AUTO TRADERS,Fixed,,PAKISTAN,,,MUSAVIR,Musavir Spray Paint 400ml - Black - #39,Default,Default,230,322,288,28.57,92,
MUS0001,SPRAY PAINT,SPRAY PAINT,,0,MZ AUTO TRADERS,Fixed,,PAKISTAN,,,MUSAVIR,Musavir Spray Paint 400ml - White - #40,Default,Default,230,322,288,28.57,92,
MUS0002,SPRAY PAINT,SPRAY PAINT,,0,MZ AUTO TRADERS,Fixed,,PAKISTAN,,,MUSAVIR,Musavir Spray Paint 400ml - Scarlet - #23,Default,Default,230,322,288,28.57,92,
MUS0003,SPRAY PAINT,SPRAY PAINT,,0,MZ AUTO TRADERS,Fixed,,PAKISTAN,,,MUSAVIR,Musavir Spray Paint 400ml - Medium Grey - #22,Default,Default,230,322,288,28.57,92,
MUS0004,SPRAY PAINT,SPRAY PAINT,,0,MZ AUTO TRADERS,Fixed,,PAKISTAN,,,MUSAVIR,Musavir Spray Paint 400ml - Matt Black - #4,Default,Default,230,322,288,28.57,92,
MUS0005,SPRAY PAINT,SPRAY PAINT,,0,MZ AUTO TRADERS,Fixed,,PAKISTAN,,,MUSAVIR,Musavir Spray Paint 400ml - Cream White - #43,Default,Default,230,322,288,28.57,92,
MUS0006,SPRAY PAINT,SPRAY PAINT,,0,MZ AUTO TRADERS,Fixed,,PAKISTAN,,,MUSAVIR,Musavir Spray Paint 400ml - Orange Red - #06,Default,Default,230,322,288,28.57,92,
MUS0007,SPRAY PAINT,SPRAY PAINT,,0,MZ AUTO TRADERS,Fixed,,PAKISTAN,,,MUSAVIR,Musavir Spray Paint 400ml - Orange - #14,Default,Default,230,322,288,28.57,92,
MUS0008,SPRAY PAINT,SPRAY PAINT,,0,MZ AUTO TRADERS,Fixed,,PAKISTAN,,,MUSAVIR,Musavir Spray Paint 400ml - Lacquer - #190,Default,Default,230,322,288,28.57,92,
MUS0009,SPRAY PAINT,SPRAY PAINT,,0,MZ AUTO TRADERS,Fixed,,PAKISTAN,,,MUSAVIR,Musavir Spray Paint 400ml - Deep Violet - #237,Default,Default,230,322,288,28.57,92,
MUS0010,SPRAY PAINT,SPRAY PAINT,,0,MZ AUTO TRADERS,Fixed,,PAKISTAN,,,MUSAVIR,Musavir Spray Paint 400ml - Mission Brown - #29,Default,Default,230,322,288,28.57,92,
MUS0011,SPRAY PAINT,SPRAY PAINT,,0,MZ AUTO TRADERS,Fixed,,PAKISTAN,,,MUSAVIR,Musavir Spray Paint 400ml - Naval Grey - #11,Default,Default,230,322,288,28.57,92,
MUS0012,SPRAY PAINT,SPRAY PAINT,,0,MZ AUTO TRADERS,Fixed,,PAKISTAN,,,MUSAVIR,Musavir Spray Paint 400ml - Bronze - #132,Default,Default,230,322,288,28.57,92,
MUS0013,SPRAY PAINT,SPRAY PAINT,,0,MZ AUTO TRADERS,Fixed,,PAKISTAN,,,MUSAVIR,Musavir Spray Paint 400ml - Medium Yellow - #25,Default,Default,230,322,288,28.57,92,
MUS0014,SPRAY PAINT,SPRAY PAINT,,0,MZ AUTO TRADERS,Fixed,,PAKISTAN,,,MUSAVIR,Musavir Spray Paint 400ml - Onion Green - #37,Default,Default,230,322,288,28.57,92,
MUS0015,SPRAY PAINT,SPRAY PAINT,,0,MZ AUTO TRADERS,Fixed,,PAKISTAN,,,MUSAVIR,Musavir Spray Paint 400ml - Sky Blue - #15,Default,Default,230,322,288,28.57,92,
MUS0016,SPRAY PAINT,SPRAY PAINT,,0,MZ AUTO TRADERS,Fixed,,PAKISTAN,,,MUSAVIR,Musavir Spray Paint 400ml - Leaf Green - #27,Default,Default,230,322,288,28.57,92,
MUS0017,SPRAY PAINT,SPRAY PAINT,,0,MZ AUTO TRADERS,Fixed,,PAKISTAN,,,MUSAVIR,Musavir Spray Paint 400ml - Peach Red - #30,Default,Default,230,322,288,28.57,92,
MUS0018,SPRAY PAINT,SPRAY PAINT,,0,MZ AUTO TRADERS,Fixed,,PAKISTAN,,,MUSAVIR,Musavir Spray Paint 400ml - Anti Rust Brown #142,Default,Default,230,322,288,28.57,92,
MUS0019,SPRAY PAINT,SPRAY PAINT,,0,MZ AUTO TRADERS,Fixed,,PAKISTAN,,,MUSAVIR,Musavir Spray Paint 400ml - SILVER - #36,Default,Default,230,322,288,28.57,92,
MUS0020,SPRAY PAINT,SPRAY PAINT,,0,MZ AUTO TRADERS,Fixed,,PAKISTAN,,,MUSAVIR,Musavir Spray Paint 400ml - GOLD - #35,Default,Default,230,322,288,28.57,92,
MUS0021,SPRAY PAINT,SPRAY PAINT,,0,MZ AUTO TRADERS,Fixed,,PAKISTAN,,,MUSAVIR,Musavir Spray Paint 400ml - Medium Blue - #21,Default,Default,390,575,488,32.17,185,
MUS0022,SPRAY PAINT,SPRAY PAINT,,0,MZ AUTO TRADERS,Fixed,,PAKISTAN,,,MUSAVIR,Musavir Spray Paint 400ml - GOLD CHROME 18K #319,Default,Default,430,640,538,32.81,210,
MUS0023,SPRAY PAINT,SPRAY PAINT,,0,MZ AUTO TRADERS,Fixed,,PAKISTAN,,,MUSAVIR,Musavir Spray Paint 400ml - BRIGHT CHROME - #318,Default,Default,400,630,500,36.51,230,
,,,,,,,,,,,,,,,,,0,,79111.3833,
